dataset_case,method,noise,seed,accuracy,neighbor_overlap,embed_time_sec,pipeline_time_sec,ambient_dim,embed_dim,accuracy_pct,neighbor_overlap_pct,embed_time_ms,pipeline_time_ms
standard,raw_knn,0.0,0,0.9866666666666667,,,0.01337033399977372,30,2,98.66666666666667,,,13.37033399977372
standard,raw_knn,0.0,1,0.9933333333333333,,,0.0015375419989140937,30,2,99.33333333333333,,,1.5375419989140937
standard,raw_knn,0.0,2,0.9833333333333333,,,0.0012670420001086313,30,2,98.33333333333333,,,1.2670420001086313
standard,raw_knn,0.1,0,0.99,,,0.001113124999392312,30,2,99.0,,,1.113124999392312
standard,raw_knn,0.1,1,0.9933333333333333,,,0.0011542920001375023,30,2,99.33333333333333,,,1.1542920001375023
standard,raw_knn,0.1,2,0.9833333333333333,,,0.0013609580000775168,30,2,98.33333333333333,,,1.3609580000775168
standard,raw_knn,0.2,0,0.9833333333333333,,,0.001165499999842723,30,2,98.33333333333333,,,1.165499999842723
standard,raw_knn,0.2,1,0.9866666666666667,,,0.0011144170002808096,30,2,98.66666666666667,,,1.1144170002808096
standard,raw_knn,0.2,2,0.9766666666666667,,,0.0011339159991621273,30,2,97.66666666666667,,,1.1339159991621273
standard,raw_knn,0.35,0,0.9833333333333333,,,0.001179832999696373,30,2,98.33333333333333,,,1.179832999696373
standard,raw_knn,0.35,1,0.9833333333333333,,,0.0011649169991869712,30,2,98.33333333333333,,,1.1649169991869712
standard,raw_knn,0.35,2,0.98,,,0.0012600409991136985,30,2,98.0,,,1.2600409991136985
standard,pca,0.0,0,0.95,0.4653333333333333,0.0006193749995873077,0.011371750000762404,30,2,95.0,46.53333333333333,0.6193749995873077,11.371750000762404
standard,pca,0.0,1,0.9833333333333333,0.28650000000000003,0.0005031670007156208,0.011767374999180902,30,2,98.33333333333333,28.650000000000002,0.5031670007156208,11.767374999180902
standard,pca,0.0,2,0.8933333333333333,0.4267499999999999,0.0003949170004489133,0.01023620799969649,30,2,89.33333333333333,42.67499999999999,0.3949170004489133,10.23620799969649
standard,pca,0.1,0,0.97,0.46,0.0003842920013994444,0.01027579099900322,30,2,97.0,46.0,0.3842920013994444,10.27579099900322
standard,pca,0.1,1,0.9866666666666667,0.2806666666666667,0.00038558300002478063,0.009968667000066489,30,2,98.66666666666667,28.066666666666666,0.38558300002478063,9.968667000066489
standard,pca,0.1,2,0.89,0.4278333333333333,0.0003923330004909076,0.010183374999542139,30,2,89.0,42.78333333333333,0.3923330004909076,10.183374999542139
standard,pca,0.2,0,0.95,0.4401666666666667,0.0003900419997080462,0.010142250001081266,30,2,95.0,44.01666666666667,0.3900419997080462,10.142250001081266
standard,pca,0.2,1,0.9833333333333333,0.27699999999999997,0.00039362499956041574,0.010608167000100366,30,2,98.33333333333333,27.699999999999996,0.39362499956041574,10.608167000100366
standard,pca,0.2,2,0.8933333333333333,0.41525,0.0003876669998135185,0.010294499999872642,30,2,89.33333333333333,41.525,0.3876669998135185,10.294499999872642
standard,pca,0.35,0,0.9533333333333334,0.4091666666666667,0.00038862499968672637,0.010555917000601767,30,2,95.33333333333334,40.91666666666667,0.38862499968672637,10.555917000601767
standard,pca,0.35,1,0.9733333333333334,0.25766666666666665,0.00038212499930523336,0.010045167000498623,30,2,97.33333333333334,25.766666666666666,0.38212499930523336,10.045167000498623
standard,pca,0.35,2,0.88,0.39275,0.0003860420001728926,0.010171792000619462,30,2,88.0,39.275,0.3860420001728926,10.171792000619462
standard,gaussian_rp,0.0,0,0.8133333333333334,0.34375,0.0003220409998903051,0.011435166001319885,30,2,81.33333333333333,34.375,0.3220409998903051,11.435166001319885
standard,gaussian_rp,0.0,1,0.8966666666666666,0.46008333333333334,0.0003309580006316537,0.010699082999053644,30,2,89.66666666666666,46.00833333333333,0.3309580006316537,10.699082999053644
standard,gaussian_rp,0.0,2,0.5933333333333334,0.25616666666666665,0.00029999999969732016,0.010011292000854155,30,2,59.333333333333336,25.616666666666667,0.29999999969732016,10.011292000854155
standard,gaussian_rp,0.1,0,0.8033333333333333,0.3421666666666667,0.0002985829996760003,0.010192042000198853,30,2,80.33333333333333,34.21666666666667,0.2985829996760003,10.192042000198853
standard,gaussian_rp,0.1,1,0.8966666666666666,0.4478333333333333,0.00029687499954889063,0.01002695799979847,30,2,89.66666666666666,44.78333333333333,0.29687499954889063,10.02695799979847
standard,gaussian_rp,0.1,2,0.5566666666666666,0.25825,0.00029733299925283063,0.009913584000969422,30,2,55.666666666666664,25.825,0.29733299925283063,9.913584000969422
standard,gaussian_rp,0.2,0,0.8133333333333334,0.33866666666666667,0.0002986660001624841,0.010005083000578452,30,2,81.33333333333333,33.86666666666667,0.2986660001624841,10.005083000578452
standard,gaussian_rp,0.2,1,0.8866666666666667,0.427,0.00030141599927446805,0.01000916600060009,30,2,88.66666666666667,42.699999999999996,0.30141599927446805,10.00916600060009
standard,gaussian_rp,0.2,2,0.5333333333333333,0.26,0.0003065839991904795,0.01002854199941794,30,2,53.333333333333336,26.0,0.3065839991904795,10.02854199941794
standard,gaussian_rp,0.35,0,0.8066666666666666,0.32508333333333334,0.0003023750014108373,0.01007995800136996,30,2,80.66666666666666,32.50833333333333,0.3023750014108373,10.07995800136996
standard,gaussian_rp,0.35,1,0.8766666666666667,0.39399999999999996,0.0002915840013884008,0.009993417001169291,30,2,87.66666666666667,39.4,0.2915840013884008,9.993417001169291
standard,gaussian_rp,0.35,2,0.5366666666666666,0.2549166666666666,0.000294916999337147,0.009836040999289253,30,2,53.666666666666664,25.491666666666664,0.294916999337147,9.836040999289253
standard,sparse_rp,0.0,0,0.9033333333333333,0.4421666666666667,0.0005724590009776875,0.011271999999735272,30,2,90.33333333333333,44.21666666666667,0.5724590009776875,11.271999999735272
standard,sparse_rp,0.0,1,0.9533333333333334,0.4769166666666667,0.000450790999821038,0.010647750001226086,30,2,95.33333333333334,47.69166666666667,0.450790999821038,10.647750001226086
standard,sparse_rp,0.0,2,0.9466666666666667,0.38375,0.00044308300130069256,0.010263791999022942,30,2,94.66666666666667,38.375,0.44308300130069256,10.263791999022942
standard,sparse_rp,0.1,0,0.9066666666666666,0.4355833333333334,0.00042916699931083713,0.010323041999072302,30,2,90.66666666666666,43.55833333333334,0.4291669993108371,10.323041999072302
standard,sparse_rp,0.1,1,0.9533333333333334,0.4675,0.00045991600018169265,0.01027487499959534,30,2,95.33333333333334,46.75,0.45991600018169265,10.27487499959534
standard,sparse_rp,0.1,2,0.9466666666666667,0.37816666666666665,0.0004240420003043255,0.010152582999580773,30,2,94.66666666666667,37.81666666666666,0.4240420003043255,10.152582999580773
standard,sparse_rp,0.2,0,0.9166666666666666,0.42275,0.00044304199946054723,0.010248875001707347,30,2,91.66666666666666,42.275,0.44304199946054723,10.248875001707347
standard,sparse_rp,0.2,1,0.9533333333333334,0.45025,0.0005335419991752133,0.010622083000271232,30,2,95.33333333333334,45.025,0.5335419991752133,10.622083000271232
standard,sparse_rp,0.2,2,0.94,0.3620833333333333,0.00044637499922828283,0.010675707999325823,30,2,94.0,36.20833333333333,0.44637499922828283,10.675707999325823
standard,sparse_rp,0.35,0,0.9066666666666666,0.3929166666666667,0.0004332089993113186,0.010321792000468122,30,2,90.66666666666666,39.29166666666667,0.4332089993113186,10.321792000468122
standard,sparse_rp,0.35,1,0.9533333333333334,0.41758333333333336,0.00042750000102387276,0.010340332999476232,30,2,95.33333333333334,41.75833333333333,0.42750000102387276,10.340332999476232
standard,sparse_rp,0.35,2,0.94,0.3359166666666667,0.00041891699947882444,0.010157250000702334,30,2,94.0,33.59166666666667,0.41891699947882444,10.157250000702334
standard,isomap,0.0,0,0.9866666666666667,0.8475,0.14122266699996544,0.3895812920000026,30,2,98.66666666666667,84.75,141.22266699996544,389.5812920000026
standard,isomap,0.0,1,0.9933333333333333,0.8683333333333333,0.14438625000002503,0.3863459580006747,30,2,99.33333333333333,86.83333333333333,144.38625000002503,386.3459580006747
standard,isomap,0.0,2,0.98,0.8749166666666668,0.13933600000018487,0.38369670800057065,30,2,98.0,87.49166666666667,139.33600000018487,383.69670800057065
standard,isomap,0.1,0,0.9833333333333333,0.84275,0.14062429099976725,0.38398495799992816,30,2,98.33333333333333,84.275,140.62429099976725,383.98495799992816
standard,isomap,0.1,1,0.9866666666666667,0.8649166666666668,0.13998083299884456,0.3848164999999426,30,2,98.66666666666667,86.49166666666667,139.98083299884456,384.8164999999426
standard,isomap,0.1,2,0.9833333333333333,0.8674166666666667,0.1437532910003938,0.38645999999971536,30,2,98.33333333333333,86.74166666666667,143.7532910003938,386.45999999971536
standard,isomap,0.2,0,0.98,0.8325,0.1474490840009821,0.3880270419995213,30,2,98.0,83.25,147.4490840009821,388.0270419995213
standard,isomap,0.2,1,0.99,0.8510000000000001,0.13913374999901862,0.37931570900036604,30,2,99.0,85.10000000000001,139.13374999901862,379.31570900036604
standard,isomap,0.2,2,0.98,0.8620000000000001,0.1357439160001377,0.3725860409995221,30,2,98.0,86.20000000000002,135.7439160001377,372.5860409995221
standard,isomap,0.35,0,0.98,0.8217500000000001,0.14117166600044584,0.3815669159994286,30,2,98.0,82.17500000000001,141.17166600044584,381.5669159994286
standard,isomap,0.35,1,0.98,0.5578333333333334,0.137587416000315,0.3809918330007349,30,2,98.0,55.78333333333334,137.587416000315,380.9918330007349
standard,isomap,0.35,2,0.98,0.82675,0.140171458999248,0.38006183300058183,30,2,98.0,82.675,140.171458999248,380.0618330005818
standard,lle,0.0,0,0.9833333333333333,0.5661666666666666,0.060163665999425575,0.13570795899977384,30,2,98.33333333333333,56.61666666666666,60.163665999425575,135.70795899977384
standard,lle,0.0,1,0.9866666666666667,0.6294166666666667,0.058634791001168196,0.13122620900139736,30,2,98.66666666666667,62.94166666666668,58.634791001168196,131.22620900139736
standard,lle,0.0,2,0.9733333333333334,0.53825,0.058303957999669365,0.12953312500030734,30,2,97.33333333333334,53.825,58.303957999669365,129.53312500030734
standard,lle,0.1,0,0.9866666666666667,0.5506666666666666,0.0581653749995894,0.1306727499995759,30,2,98.66666666666667,55.06666666666666,58.1653749995894,130.6727499995759
standard,lle,0.1,1,0.98,0.5554166666666667,0.058721375000459375,0.13110758299990266,30,2,98.0,55.541666666666664,58.721375000459375,131.10758299990266
standard,lle,0.1,2,0.9666666666666667,0.5120833333333332,0.05887241699929291,0.130947333000222,30,2,96.66666666666667,51.20833333333332,58.87241699929291,130.947333000222
standard,lle,0.2,0,0.9866666666666667,0.4598333333333333,0.058275458999560215,0.12944624999909138,30,2,98.66666666666667,45.983333333333334,58.275458999560215,129.44624999909138
standard,lle,0.2,1,0.7466666666666667,0.5003333333333333,0.06008987499990326,0.1328057919999992,30,2,74.66666666666667,50.03333333333333,60.08987499990326,132.8057919999992
standard,lle,0.2,2,0.9866666666666667,0.49866666666666665,0.058498082998994505,0.13113470899952517,30,2,98.66666666666667,49.86666666666667,58.498082998994505,131.13470899952517
standard,lle,0.35,0,0.98,0.502,0.05849941700034833,0.13082575000044017,30,2,98.0,50.2,58.49941700034833,130.82575000044017
standard,lle,0.35,1,0.7266666666666667,0.5983333333333334,0.05897058300070057,0.1319645829989895,30,2,72.66666666666667,59.833333333333336,58.97058300070057,131.9645829989895
standard,lle,0.35,2,0.9733333333333334,0.45741666666666675,0.05818133300090267,0.12910958400061645,30,2,97.33333333333334,45.741666666666674,58.18133300090267,129.10958400061645
holes,raw_knn,0.0,0,0.9933333333333333,,,0.0011820840009022504,30,2,99.33333333333333,,,1.1820840009022504
holes,raw_knn,0.0,1,0.9733333333333334,,,0.0012360420005279593,30,2,97.33333333333334,,,1.2360420005279593
holes,raw_knn,0.0,2,0.98,,,0.0011766669995267875,30,2,98.0,,,1.1766669995267875
holes,raw_knn,0.1,0,0.9933333333333333,,,0.001242291999005829,30,2,99.33333333333333,,,1.242291999005829
holes,raw_knn,0.1,1,0.9733333333333334,,,0.0013009160011279164,30,2,97.33333333333334,,,1.3009160011279164
holes,raw_knn,0.1,2,0.9866666666666667,,,0.0012408330003381707,30,2,98.66666666666667,,,1.2408330003381707
holes,raw_knn,0.2,0,0.9933333333333333,,,0.0012097500002710149,30,2,99.33333333333333,,,1.2097500002710149
holes,raw_knn,0.2,1,0.9733333333333334,,,0.0013005000000703149,30,2,97.33333333333334,,,1.3005000000703149
holes,raw_knn,0.2,2,0.9833333333333333,,,0.0011978750007983763,30,2,98.33333333333333,,,1.1978750007983763
holes,raw_knn,0.35,0,0.99,,,0.0012652909990720218,30,2,99.0,,,1.2652909990720218
holes,raw_knn,0.35,1,0.9733333333333334,,,0.0012799590003851335,30,2,97.33333333333334,,,1.2799590003851335
holes,raw_knn,0.35,2,0.9733333333333334,,,0.0013128749997122213,30,2,97.33333333333334,,,1.3128749997122213
holes,pca,0.0,0,0.82,0.49200000000000005,0.0003920840008504456,0.010273541000060504,30,2,82.0,49.2,0.3920840008504456,10.273541000060504
holes,pca,0.0,1,0.8133333333333334,0.5049166666666667,0.0003885830010403879,0.010327374999178573,30,2,81.33333333333333,50.49166666666667,0.3885830010403879,10.327374999178573
holes,pca,0.0,2,0.7966666666666666,0.49225,0.0003889580002578441,0.010453792001499096,30,2,79.66666666666666,49.225,0.3889580002578441,10.453792001499096
holes,pca,0.1,0,0.84,0.47741666666666666,0.0003960409994760994,0.010405417000583839,30,2,84.0,47.74166666666667,0.3960409994760994,10.405417000583839
holes,pca,0.1,1,0.8133333333333334,0.49933333333333335,0.00039525000102003105,0.010721374999775435,30,2,81.33333333333333,49.93333333333334,0.39525000102003105,10.721374999775435
holes,pca,0.1,2,0.7866666666666666,0.48066666666666663,0.00038762500116718,0.010521750000407337,30,2,78.66666666666666,48.06666666666666,0.38762500116718,10.521750000407337
holes,pca,0.2,0,0.8233333333333334,0.46275000000000005,0.00037487500048882794,0.010196458000791608,30,2,82.33333333333334,46.275000000000006,0.37487500048882794,10.196458000791608
holes,pca,0.2,1,0.8233333333333334,0.4860833333333333,0.0003897909991792403,0.010282917000949965,30,2,82.33333333333334,48.608333333333334,0.3897909991792403,10.282917000949965
holes,pca,0.2,2,0.7866666666666666,0.4714166666666667,0.0003884590005327482,0.010222208000413957,30,2,78.66666666666666,47.14166666666667,0.3884590005327482,10.222208000413957
holes,pca,0.35,0,0.8133333333333334,0.43166666666666664,0.00038174999826878775,0.010220957999990787,30,2,81.33333333333333,43.166666666666664,0.38174999826878775,10.220957999990787
holes,pca,0.35,1,0.8066666666666666,0.4496666666666666,0.00037991599856468383,0.01064629200118361,30,2,80.66666666666666,44.96666666666666,0.37991599856468383,10.64629200118361
holes,pca,0.35,2,0.7466666666666667,0.44,0.0004163329995208187,0.010582750001049135,30,2,74.66666666666667,44.0,0.4163329995208187,10.582750001049135
holes,gaussian_rp,0.0,0,0.8533333333333334,0.40891666666666665,0.0003116250009043142,0.010229167000943562,30,2,85.33333333333334,40.891666666666666,0.3116250009043142,10.229167000943562
holes,gaussian_rp,0.0,1,0.8133333333333334,0.49700000000000005,0.0002954579995275708,0.010070708000057493,30,2,81.33333333333333,49.7,0.2954579995275708,10.070708000057493
holes,gaussian_rp,0.0,2,0.8,0.30491666666666667,0.0003004589998454321,0.010005541000282392,30,2,80.0,30.491666666666667,0.3004589998454321,10.005541000282392
holes,gaussian_rp,0.1,0,0.84,0.40066666666666667,0.0003026249996764818,0.010263166999720852,30,2,84.0,40.06666666666667,0.3026249996764818,10.263166999720852
holes,gaussian_rp,0.1,1,0.8233333333333334,0.48491666666666666,0.000309749999360065,0.010412916999484878,30,2,82.33333333333334,48.49166666666667,0.309749999360065,10.412916999484878
holes,gaussian_rp,0.1,2,0.81,0.29975,0.00031054200007929467,0.010434207999423961,30,2,81.0,29.975,0.31054200007929467,10.434207999423961
holes,gaussian_rp,0.2,0,0.84,0.38616666666666666,0.00029637500119861215,0.010025917001257767,30,2,84.0,38.61666666666667,0.29637500119861215,10.025917001257767
holes,gaussian_rp,0.2,1,0.8266666666666667,0.46149999999999997,0.0002986670006066561,0.01006233299995074,30,2,82.66666666666667,46.15,0.2986670006066561,10.06233299995074
holes,gaussian_rp,0.2,2,0.78,0.29816666666666664,0.00029712499963352457,0.00997829100015224,30,2,78.0,29.816666666666663,0.29712499963352457,9.97829100015224
holes,gaussian_rp,0.35,0,0.8633333333333333,0.37516666666666665,0.0002949999998236308,0.010085166999488138,30,2,86.33333333333333,37.516666666666666,0.2949999998236308,10.085166999488138
holes,gaussian_rp,0.35,1,0.8233333333333334,0.42866666666666675,0.0003324170011183014,0.010431040998810204,30,2,82.33333333333334,42.866666666666674,0.3324170011183014,10.431040998810204
holes,gaussian_rp,0.35,2,0.7466666666666667,0.29991666666666666,0.00030537500060745515,0.010166167001443682,30,2,74.66666666666667,29.991666666666667,0.30537500060745515,10.166167001443682
holes,sparse_rp,0.0,0,0.9366666666666666,0.4866666666666667,0.00043316700066498015,0.010243333999824245,30,2,93.66666666666667,48.66666666666667,0.43316700066498015,10.243333999824245
holes,sparse_rp,0.0,1,0.9366666666666666,0.47308333333333336,0.00043891700079257134,0.010236416999759967,30,2,93.66666666666667,47.30833333333334,0.43891700079257134,10.236416999759967
holes,sparse_rp,0.0,2,0.9733333333333334,0.4290833333333333,0.0004379170004540356,0.010410917000626796,30,2,97.33333333333334,42.90833333333333,0.4379170004540356,10.410917000626796
holes,sparse_rp,0.1,0,0.9366666666666666,0.46966666666666657,0.0005341670002962928,0.010475334000147996,30,2,93.66666666666667,46.966666666666654,0.5341670002962928,10.475334000147996
holes,sparse_rp,0.1,1,0.93,0.4660833333333333,0.0005319160009094048,0.010600083000099403,30,2,93.0,46.60833333333333,0.5319160009094048,10.600083000099403
holes,sparse_rp,0.1,2,0.97,0.4086666666666666,0.0006793329994252417,0.011304792000373709,30,2,97.0,40.86666666666666,0.6793329994252417,11.304792000373709
holes,sparse_rp,0.2,0,0.9433333333333334,0.4421666666666667,0.0004897920007351786,0.010259374999805004,30,2,94.33333333333334,44.21666666666667,0.4897920007351786,10.259374999805004
holes,sparse_rp,0.2,1,0.93,0.4455,0.0005167090002942132,0.010440207999636186,30,2,93.0,44.55,0.5167090002942132,10.440207999636186
holes,sparse_rp,0.2,2,0.9666666666666667,0.37975,0.0004558750006253831,0.010179041999435867,30,2,96.66666666666667,37.974999999999994,0.4558750006253831,10.179041999435867
holes,sparse_rp,0.35,0,0.94,0.3981666666666666,0.0004297909999877447,0.010190125000008265,30,2,94.0,39.81666666666666,0.4297909999877447,10.190125000008265
holes,sparse_rp,0.35,1,0.93,0.40391666666666665,0.00046337499952642247,0.010655709000275237,30,2,93.0,40.391666666666666,0.46337499952642247,10.655709000275237
holes,sparse_rp,0.35,2,0.9633333333333334,0.34175,0.00046458399992843624,0.01049300000158837,30,2,96.33333333333334,34.175,0.46458399992843624,10.49300000158837
holes,isomap,0.0,0,0.9933333333333333,0.5164166666666667,0.1513896249998652,0.3988973329996952,30,2,99.33333333333333,51.64166666666667,151.3896249998652,398.8973329996952
holes,isomap,0.0,1,0.9766666666666667,0.5284166666666666,0.13930058400001144,0.39086358299937274,30,2,97.66666666666667,52.84166666666666,139.30058400001144,390.86358299937274
holes,isomap,0.0,2,0.9633333333333334,0.64075,0.14685466599985375,0.39376158300001407,30,2,96.33333333333334,64.075,146.85466599985375,393.76158300001407
holes,isomap,0.1,0,0.9833333333333333,0.4845833333333333,0.13698954099891125,0.3806915420009318,30,2,98.33333333333333,48.45833333333333,136.98954099891125,380.6915420009318
holes,isomap,0.1,1,0.9733333333333334,0.7035,0.13822950000030687,0.38576895799997146,30,2,97.33333333333334,70.35,138.22950000030687,385.76895799997146
holes,isomap,0.1,2,0.96,0.5635833333333334,0.14361708300020837,0.38935016700088454,30,2,96.0,56.35833333333334,143.61708300020837,389.35016700088454
holes,isomap,0.2,0,0.9933333333333333,0.47583333333333333,0.14969887500046752,0.398443916999895,30,2,99.33333333333333,47.583333333333336,149.69887500046752,398.443916999895
holes,isomap,0.2,1,0.9733333333333334,0.68825,0.14034212499973364,0.38853591599945503,30,2,97.33333333333334,68.825,140.34212499973364,388.535915999455
holes,isomap,0.2,2,0.96,0.6175,0.14028187500116474,0.39183841699923505,30,2,96.0,61.75000000000001,140.28187500116474,391.83841699923505
holes,isomap,0.35,0,0.9933333333333333,0.6411666666666667,0.135388624999905,0.381424249999327,30,2,99.33333333333333,64.11666666666666,135.388624999905,381.424249999327
holes,isomap,0.35,1,0.9733333333333334,0.6680833333333334,0.13528858400059107,0.3745590420003282,30,2,97.33333333333334,66.80833333333334,135.28858400059107,374.5590420003282
holes,isomap,0.35,2,0.9666666666666667,0.5719166666666666,0.13182516699998814,0.37245099999927334,30,2,96.66666666666667,57.19166666666666,131.82516699998814,372.45099999927334
holes,lle,0.0,0,0.9,0.17225,0.05815716600045562,0.1302374159986357,30,2,90.0,17.224999999999998,58.15716600045562,130.2374159986357
holes,lle,0.0,1,0.8633333333333333,0.27133333333333337,0.05840945800082409,0.12874274999921909,30,2,86.33333333333333,27.133333333333336,58.40945800082409,128.7427499992191
holes,lle,0.0,2,0.9,0.16791666666666666,0.05769191699982912,0.13018995899983565,30,2,90.0,16.791666666666664,57.69191699982912,130.18995899983565
holes,lle,0.1,0,0.9,0.17125,0.057856458999594906,0.1296213750010793,30,2,90.0,17.125,57.856458999594906,129.6213750010793
holes,lle,0.1,1,0.9333333333333333,0.2734166666666667,0.058095667000088724,0.12995650000084424,30,2,93.33333333333333,27.34166666666667,58.095667000088724,129.95650000084424
holes,lle,0.1,2,0.9433333333333334,0.22433333333333338,0.05734466700050689,0.12859862500044983,30,2,94.33333333333334,22.433333333333337,57.34466700050689,128.59862500044983
holes,lle,0.2,0,0.96,0.17175,0.05857770799957507,0.12879045799854794,30,2,96.0,17.175,58.57770799957507,128.79045799854794
holes,lle,0.2,1,0.9666666666666667,0.15225000000000002,0.0584220410000853,0.1301698329989449,30,2,96.66666666666667,15.225000000000003,58.4220410000853,130.1698329989449
holes,lle,0.2,2,0.8966666666666666,0.22358333333333336,0.05808437499945285,0.12829708299977938,30,2,89.66666666666666,22.358333333333334,58.08437499945285,128.29708299977938
holes,lle,0.35,0,0.95,0.18683333333333335,0.05772495900055219,0.12947445800091373,30,2,95.0,18.683333333333334,57.72495900055219,129.47445800091373
holes,lle,0.35,1,0.9366666666666666,0.18408333333333335,0.0588360419988021,0.13005429199984064,30,2,93.66666666666667,18.408333333333335,58.8360419988021,130.05429199984064
holes,lle,0.35,2,0.9333333333333333,0.15941666666666668,0.05795550000038929,0.13109745799920347,30,2,93.33333333333333,15.941666666666668,57.95550000038929,131.09745799920347
two_manifold,raw_knn,0.0,0,0.8766666666666667,,,0.0012142499999754364,30,2,87.66666666666667,,,1.2142499999754364
two_manifold,raw_knn,0.0,1,0.9033333333333333,,,0.0012464169994927943,30,2,90.33333333333333,,,1.2464169994927943
two_manifold,raw_knn,0.0,2,0.9,,,0.001101833000575425,30,2,90.0,,,1.101833000575425
two_manifold,raw_knn,0.1,0,0.8766666666666667,,,0.0011412499989091884,30,2,87.66666666666667,,,1.1412499989091884
two_manifold,raw_knn,0.1,1,0.8933333333333333,,,0.001399957998728496,30,2,89.33333333333333,,,1.399957998728496
two_manifold,raw_knn,0.1,2,0.9033333333333333,,,0.001240958999915165,30,2,90.33333333333333,,,1.240958999915165
two_manifold,raw_knn,0.2,0,0.89,,,0.00130945799901383,30,2,89.0,,,1.30945799901383
two_manifold,raw_knn,0.2,1,0.8866666666666667,,,0.0011602499998843996,30,2,88.66666666666667,,,1.1602499998843996
two_manifold,raw_knn,0.2,2,0.9133333333333333,,,0.0011174169994774275,30,2,91.33333333333333,,,1.1174169994774275
two_manifold,raw_knn,0.35,0,0.8866666666666667,,,0.0012270420011191163,30,2,88.66666666666667,,,1.2270420011191163
two_manifold,raw_knn,0.35,1,0.8833333333333333,,,0.0012894999999844003,30,2,88.33333333333333,,,1.2894999999844003
two_manifold,raw_knn,0.35,2,0.8866666666666667,,,0.0012459580011636717,30,2,88.66666666666667,,,1.2459580011636717
two_manifold,pca,0.0,0,0.76,0.3785,0.00038108300032035913,0.010311333999197814,30,2,76.0,37.85,0.38108300032035913,10.311333999197814
two_manifold,pca,0.0,1,0.7133333333333334,0.3678333333333333,0.00038670799949613865,0.010266375000355765,30,2,71.33333333333334,36.78333333333333,0.38670799949613865,10.266375000355765
two_manifold,pca,0.0,2,0.8733333333333333,0.3134166666666667,0.0003864170012093382,0.010316750000129105,30,2,87.33333333333333,31.34166666666667,0.3864170012093382,10.316750000129105
two_manifold,pca,0.1,0,0.7466666666666667,0.37649999999999995,0.0003783329993893858,0.010377708000305574,30,2,74.66666666666667,37.64999999999999,0.3783329993893858,10.377708000305574
two_manifold,pca,0.1,1,0.7166666666666667,0.36125,0.0003565419992810348,0.010233582999717328,30,2,71.66666666666667,36.125,0.3565419992810348,10.233582999717328
two_manifold,pca,0.1,2,0.8633333333333333,0.3145833333333333,0.00039679200017417315,0.010404042001027847,30,2,86.33333333333333,31.458333333333332,0.39679200017417315,10.404042001027847
two_manifold,pca,0.2,0,0.7266666666666667,0.36625,0.00038979199962341227,0.010464459001013893,30,2,72.66666666666667,36.625,0.38979199962341227,10.464459001013893
two_manifold,pca,0.2,1,0.7433333333333333,0.3580833333333333,0.0003816249991359655,0.010198583999226685,30,2,74.33333333333333,35.80833333333333,0.3816249991359655,10.198583999226685
two_manifold,pca,0.2,2,0.85,0.31175,0.0003857500014419202,0.010216332999334554,30,2,85.0,31.175000000000004,0.3857500014419202,10.216332999334554
two_manifold,pca,0.35,0,0.7166666666666667,0.3496666666666667,0.0003823749993898673,0.010198957999818958,30,2,71.66666666666667,34.96666666666667,0.3823749993898673,10.198957999818958
two_manifold,pca,0.35,1,0.7633333333333333,0.3408333333333333,0.0003839170003629988,0.010200624999924912,30,2,76.33333333333333,34.08333333333333,0.3839170003629988,10.200624999924912
two_manifold,pca,0.35,2,0.8433333333333334,0.30016666666666664,0.00038108300032035913,0.010314874998584855,30,2,84.33333333333334,30.016666666666662,0.38108300032035913,10.314874998584855
two_manifold,gaussian_rp,0.0,0,0.64,0.28650000000000003,0.0002985420014738338,0.01008962500054622,30,2,64.0,28.650000000000002,0.2985420014738338,10.08962500054622
two_manifold,gaussian_rp,0.0,1,0.6833333333333333,0.34208333333333335,0.0003057909998460673,0.010131875000297441,30,2,68.33333333333333,34.208333333333336,0.3057909998460673,10.131875000297441
two_manifold,gaussian_rp,0.0,2,0.46,0.20041666666666666,0.00030529200012097135,0.009996999999202671,30,2,46.0,20.041666666666664,0.30529200012097135,9.996999999202671
two_manifold,gaussian_rp,0.1,0,0.6533333333333333,0.2884166666666667,0.0002953330003947485,0.010108832999321749,30,2,65.33333333333333,28.841666666666672,0.2953330003947485,10.108832999321749
two_manifold,gaussian_rp,0.1,1,0.6833333333333333,0.34025,0.00029508399893529713,0.01008512499902281,30,2,68.33333333333333,34.025,0.29508399893529713,10.08512499902281
two_manifold,gaussian_rp,0.1,2,0.47333333333333333,0.20183333333333334,0.00033200000143551733,0.010193292000622023,30,2,47.333333333333336,20.183333333333334,0.33200000143551733,10.193292000622023
two_manifold,gaussian_rp,0.2,0,0.6566666666666666,0.28075,0.00032520899912924506,0.010268415999235003,30,2,65.66666666666666,28.075,0.32520899912924506,10.268415999235003
two_manifold,gaussian_rp,0.2,1,0.6766666666666666,0.3333333333333333,0.0003003750007337658,0.010058416999527253,30,2,67.66666666666666,33.33333333333333,0.3003750007337658,10.058416999527253
two_manifold,gaussian_rp,0.2,2,0.4533333333333333,0.20108333333333334,0.00029616599931614473,0.009817374999329331,30,2,45.33333333333333,20.108333333333334,0.29616599931614473,9.817374999329331
two_manifold,gaussian_rp,0.35,0,0.66,0.2773333333333333,0.00029254199944261927,0.010036249999757274,30,2,66.0,27.73333333333333,0.29254199944261927,10.036249999757274
two_manifold,gaussian_rp,0.35,1,0.6533333333333333,0.31858333333333333,0.0003013339992321562,0.010097042000779766,30,2,65.33333333333333,31.858333333333334,0.3013339992321562,10.097042000779766
two_manifold,gaussian_rp,0.35,2,0.44,0.2039166666666667,0.0002986250001413282,0.009945666000930942,30,2,44.0,20.39166666666667,0.2986250001413282,9.945666000930942
two_manifold,sparse_rp,0.0,0,0.7433333333333333,0.3398333333333333,0.0005058750011812663,0.01040583300164144,30,2,74.33333333333333,33.983333333333334,0.5058750011812663,10.40583300164144
two_manifold,sparse_rp,0.0,1,0.77,0.36608333333333337,0.000434833000326762,0.010314708000805695,30,2,77.0,36.608333333333334,0.434833000326762,10.314708000805695
two_manifold,sparse_rp,0.0,2,0.81,0.303,0.0004484590008360101,0.010427291999803856,30,2,81.0,30.3,0.4484590008360101,10.427291999803856
two_manifold,sparse_rp,0.1,0,0.7266666666666667,0.33466666666666667,0.0005187499991734512,0.010384541999883368,30,2,72.66666666666667,33.46666666666667,0.5187499991734512,10.384541999883368
two_manifold,sparse_rp,0.1,1,0.7766666666666666,0.362,0.00043158300104551017,0.010236291000182973,30,2,77.66666666666666,36.199999999999996,0.4315830010455102,10.236291000182973
two_manifold,sparse_rp,0.1,2,0.8133333333333334,0.30308333333333337,0.0005135409992362838,0.01042066700028954,30,2,81.33333333333333,30.308333333333337,0.5135409992362838,10.42066700028954
two_manifold,sparse_rp,0.2,0,0.7333333333333333,0.325,0.0005061660012870561,0.010558916001173202,30,2,73.33333333333333,32.5,0.5061660012870561,10.558916001173202
two_manifold,sparse_rp,0.2,1,0.7566666666666667,0.3486666666666667,0.00043479200030560605,0.010192375000769971,30,2,75.66666666666667,34.86666666666667,0.43479200030560605,10.192375000769971
two_manifold,sparse_rp,0.2,2,0.8,0.2944166666666667,0.00045295800009625964,0.010407750000013039,30,2,80.0,29.44166666666667,0.45295800009625964,10.407750000013039
two_manifold,sparse_rp,0.35,0,0.72,0.30916666666666665,0.00043779100087704137,0.0102595830012433,30,2,72.0,30.916666666666664,0.43779100087704137,10.2595830012433
two_manifold,sparse_rp,0.35,1,0.73,0.32975,0.0004970420013705734,0.010348417001296184,30,2,73.0,32.975,0.4970420013705734,10.348417001296184
two_manifold,sparse_rp,0.35,2,0.8033333333333333,0.2830833333333333,0.0004231250004522735,0.010573042000032729,30,2,80.33333333333333,28.30833333333333,0.4231250004522735,10.573042000032729
two_manifold,isomap,0.0,0,0.82,0.29583333333333334,0.14576312499957567,0.40235416699943016,30,2,82.0,29.583333333333332,145.76312499957567,402.35416699943016
two_manifold,isomap,0.0,1,0.8466666666666667,0.34625,0.13954604199898313,0.3924656250001135,30,2,84.66666666666667,34.625,139.54604199898313,392.4656250001135
two_manifold,isomap,0.0,2,0.8633333333333333,0.22241666666666665,0.14804745800029195,0.4067285829987668,30,2,86.33333333333333,22.241666666666664,148.04745800029195,406.7285829987668
two_manifold,isomap,0.1,0,0.8166666666666667,0.2998333333333333,0.1429209580001043,0.39965262499936216,30,2,81.66666666666667,29.983333333333327,142.9209580001043,399.65262499936216
two_manifold,isomap,0.1,1,0.86,0.33949999999999997,0.14162083300107042,0.40017783300027077,30,2,86.0,33.949999999999996,141.62083300107042,400.17783300027077
two_manifold,isomap,0.1,2,0.8433333333333334,0.22433333333333338,0.14775666599962278,0.3983802080001624,30,2,84.33333333333334,22.433333333333337,147.75666599962278,398.3802080001624
two_manifold,isomap,0.2,0,0.8233333333333334,0.29625,0.13935954100088566,0.3899130830013746,30,2,82.33333333333334,29.625,139.35954100088566,389.9130830013746
two_manifold,isomap,0.2,1,0.8566666666666667,0.32858333333333334,0.15460191700003634,0.40679616700072074,30,2,85.66666666666667,32.858333333333334,154.60191700003634,406.79616700072074
two_manifold,isomap,0.2,2,0.8333333333333334,0.23025,0.1453010829991399,0.40217666600074153,30,2,83.33333333333334,23.025000000000002,145.3010829991399,402.17666600074153
two_manifold,isomap,0.35,0,0.7833333333333333,0.33108333333333334,0.14418683300027624,0.39528720899943437,30,2,78.33333333333333,33.108333333333334,144.18683300027624,395.28720899943437
two_manifold,isomap,0.35,1,0.7966666666666666,0.31975,0.14528633400004765,0.40006308299962257,30,2,79.66666666666666,31.974999999999998,145.28633400004765,400.06308299962257
two_manifold,isomap,0.35,2,0.8366666666666667,0.2609166666666667,0.14509162499962258,0.39602820800064364,30,2,83.66666666666667,26.09166666666667,145.09162499962258,396.02820800064364
two_manifold,lle,0.0,0,0.51,0.28075,0.06687874999988708,0.1503950000005716,30,2,51.0,28.075,66.87874999988708,150.3950000005716
two_manifold,lle,0.0,1,0.5266666666666666,0.26566666666666666,0.06626145900008851,0.15434966599968902,30,2,52.666666666666664,26.566666666666666,66.26145900008851,154.34966599968902
two_manifold,lle,0.0,2,0.5566666666666666,0.28099999999999997,0.06613870799992583,0.15126820899968152,30,2,55.666666666666664,28.099999999999998,66.13870799992583,151.26820899968152
two_manifold,lle,0.1,0,0.51,0.2785,0.068868583000949,0.15641054200023063,30,2,51.0,27.85,68.868583000949,156.41054200023063
two_manifold,lle,0.1,1,0.5766666666666667,0.29925,0.06763491700075974,0.15468862499983516,30,2,57.666666666666664,29.925,67.63491700075974,154.68862499983516
two_manifold,lle,0.1,2,0.5366666666666666,0.2783333333333333,0.06767795800078602,0.15372320800088346,30,2,53.666666666666664,27.833333333333332,67.67795800078602,153.72320800088346
two_manifold,lle,0.2,0,0.49666666666666665,0.25683333333333336,0.0675024169995595,0.152500083000632,30,2,49.666666666666664,25.683333333333337,67.5024169995595,152.500083000632
two_manifold,lle,0.2,1,0.5666666666666667,0.2715,0.06759154199971817,0.151905541000815,30,2,56.666666666666664,27.150000000000002,67.59154199971817,151.905541000815
two_manifold,lle,0.2,2,0.5033333333333333,0.2969166666666666,0.06621204200018838,0.1491119999991497,30,2,50.33333333333333,29.69166666666666,66.21204200018838,149.1119999991497
two_manifold,lle,0.35,0,0.55,0.2809166666666667,0.06725041599929682,0.15538304100118694,30,2,55.00000000000001,28.09166666666667,67.25041599929682,155.38304100118694
two_manifold,lle,0.35,1,0.66,0.24708333333333332,0.07106695900074556,0.15841870899930655,30,2,66.0,24.708333333333332,71.06695900074556,158.41870899930655
two_manifold,lle,0.35,2,0.5433333333333333,0.3175,0.0686757920011587,0.15904616700026963,30,2,54.333333333333336,31.75,68.6757920011587,159.04616700026963
